z,residual,err
0.00122,0.4923925720498694,1.51645
0.00122,0.5495925720498711,1.51747
0.00256,0.6055472321820226,0.782372
0.00256,0.6271472321820255,0.799068
0.00299,0.32013575311237474,0.881212
0.00317,0.21182115483010477,0.614535
0.00331,-0.21643574733193205,0.594683
0.00331,-0.12403574733193068,0.580251
0.00331,-0.27553574733193287,0.578445
0.00331,-0.16613574733193204,0.578546
0.00333,0.8111525937261881,0.591006
0.00349,1.0012029728829432,0.55272
0.00349,0.7046029728829453,0.545492
0.00359,0.8433056072359548,0.550993
0.00384,-0.0002588283239610689,0.566505
0.00407,0.26647524537861855,0.476404
0.00407,0.2510752453786189,0.479276
0.00432,0.24234824007464795,0.514259
0.00432,0.3044482400746489,0.530838
0.00465,0.5139003815041505,0.442017
0.00465,0.6160003815041506,0.420403
0.00482,-0.24762847812695554,0.558603
0.00483,-0.3666441408321859,0.446882
0.00483,0.1527558591678151,0.564724
0.00483,-0.27634414083218317,0.410577
0.00483,-0.1597441408321849,0.562589
0.00483,0.26375585916781574,0.574442
0.00488,-0.07488359481037321,0.448264
0.00488,0.01681640518962979,0.407028
0.00538,-0.08355556657362584,0.514401
0.00548,-0.04669886163571846,0.501431
0.0057,0.05099558432820572,0.469628
0.0057,0.03779558432820451,0.483668
0.00571,-0.18462586116397617,0.375913
0.00571,-0.23532586116397525,0.385756
0.00587,-0.18447872112525943,0.491367
0.00588,0.2537099754883414,0.339643
0.00592,0.5252273572682284,0.487055
0.00602,-0.039398338950153544,0.344335
0.00602,0.08680166104984721,0.343707
0.00602,-0.06959833895015421,0.350249
0.00616,-1.1220318930365814,0.524992
0.00616,-0.8442318930365822,0.452235
0.00625,0.005135026931093023,0.32593
0.00625,-0.0592649730689061,0.36156
0.00625,0.03833502693109381,0.322811
0.00625,-0.027864973068901122,0.339166
0.0063,-0.0035434900660646917,0.533991
0.0063,0.00535650993393233,0.537335
0.0063,-0.05864349006606773,0.538159
0.00631,0.7508972902876252,0.562902
0.00634,0.3073522862117173,0.482567
0.00648,0.3204111857774308,0.318474
0.00648,0.29341118577742975,0.32229
0.00665,-0.46477982532598716,0.531169
0.00668,-0.9849994018046004,0.420706
0.00673,0.136331775733062,0.359446
0.00676,-0.2593718687031519,0.415464
0.00677,-0.0407968939726473,0.34053
0.00677,-0.0629968939726453,0.371125
0.00677,-0.031096893972645034,0.34795
0.00692,0.15678857772901722,0.439634
0.0071,-0.02044551391771421,0.325586
0.0071,-0.007045513917709911,0.348317
0.0071,-0.01764551391771363,0.322655
0.00719,0.07506539172495508,0.300309
0.00719,0.09696539172495022,0.300269
0.00747,0.34368262529127946,0.289134
0.00747,0.29168262529127986,0.294759
0.00747,0.31788262529128275,0.292411
0.0075,-0.12816612435261732,0.373843
0.0075,-0.1595661243526223,0.396652
0.00795,0.05522313721400707,0.362719
0.00814,0.0782491693386973,0.317031
0.00814,-0.023050830661304644,0.317457
0.00814,0.07104916933869987,0.367554
0.00815,-0.26973198407451093,0.371926
0.00815,0.1025680159254918,0.280148
0.00815,0.029868015925487157,0.286975
0.00817,-0.20068449076039485,0.490787
0.00818,-0.1648558600193084,0.342662
0.00821,0.5569494732368483,0.462834
0.00838,-0.18061206445905498,0.465611
0.00838,-0.009412064459056069,0.484865
0.00855,-0.052679717792273095,0.359218
0.00855,0.10652028220772536,0.318032
0.00857,0.0021164943703411154,0.26758
0.00861,-0.0384556546279029,0.383433
0.00863,-0.3914241254194124,0.338325
0.00863,-0.37132412541941306,0.331296
0.00863,-0.43082412541941295,0.337879
0.00864,-0.3485539836824003,0.425219
0.00883,0.04572388403192207,0.327035
0.00906,-0.07306130740337835,0.368859
0.00906,-0.12226130740337737,0.409525
0.00925,-0.02601615140731184,0.286425
0.00925,-0.020116151407307825,0.282867
0.00925,-0.0015161514073085414,0.285505
0.00935,-0.6056166547747921,0.401367
0.00954,0.0550124664887619,0.268981
0.00954,0.22861246648876232,0.253629
0.00954,0.2460124664887573,0.251906
0.00954,0.26201246648875554,0.254885
0.00957,-0.09075066753818817,0.309548
0.00957,-0.12635066753819046,0.334488
0.00966,-0.20931255603142063,0.35789
0.00966,-0.09571255603142248,0.372831
0.00993,0.40281909385971204,0.372879
0.00996,-0.43337665128898806,0.409088
0.00996,-0.3332766512889833,0.360296
0.00996,-0.17757665128898736,0.334006
0.01016,-0.3431504234524567,0.348547
0.01017,-0.20650174247661823,0.365223
0.01017,-0.1573017424766192,0.341878
0.01026,0.1938303798097678,0.306294
0.01026,0.08133037980976354,0.299086
0.01028,0.1305714262463269,0.247952
0.01042,-0.05421286214764365,0.317227
0.01044,-0.09510693847905571,0.343916
0.01061,0.1632621558276881,0.309009
0.01061,0.07576215582768953,0.27457
0.01073,-0.1338405444608597,0.364668
0.01079,-0.18583965235414723,0.324016
0.01079,-0.07323965235414676,0.377969
0.01096,0.2825584384168991,0.314858
0.01114,0.40971387520269076,0.342487
0.01114,0.312913875202689,0.29522
0.01122,0.49505495210790684,0.353909
0.01122,0.09395495210790727,0.283424
0.01122,0.15505495210791054,0.325172
0.01155,0.1802120043746669,0.281169
0.01195,0.0197798859282301,0.301502
0.01213,0.3679443801208322,0.346381
0.0122,0.1793438486083474,0.266666
0.01233,0.1941319343463661,0.254135
0.01246,0.2594614543890543,0.265115
0.01258,0.1178678888239375,0.24076
0.01258,0.13446788882394145,0.250097
0.01259,-0.004472602523506453,0.26006
0.01259,-0.07407260252350767,0.26619
0.01279,0.12280243994198514,0.416658
0.01283,0.003261712787974602,0.287379
0.01283,-0.13043828721202289,0.331124
0.01303,0.06837212504495227,0.239783
0.01303,0.09357212504495038,0.28722
0.01304,-0.09360879085484441,0.292564
0.01304,-0.10150879085484377,0.284786
0.01312,-0.16221030184466656,0.273536
0.01312,-0.21051030184467123,0.261601
0.01325,0.2643840331341778,0.303693
0.01325,0.2807840331341751,0.299399
0.01325,0.22088403313417615,0.304606
0.01375,0.011998517565473321,0.277855
0.01375,-0.016701482434520187,0.232778
0.01375,-0.013001482434525258,0.235755
0.01376,-0.021695184400655876,0.288791
0.01386,-0.12836938845413215,0.345367
0.01388,-0.10883060974124703,0.233531
0.01389,-0.0019095285757941838,0.288803
0.01389,-0.14210952857579429,0.296207
0.01411,-0.021063775152093456,0.250873
0.01424,-0.017373848309688356,0.265489
0.01442,0.12937958058714116,0.307194
0.01442,0.13557958058714092,0.352338
0.01442,0.4472795805871357,0.370715
0.01442,0.28877958058713915,0.396908
0.01442,0.362679580587141,0.397235
0.01446,0.012404378436947638,0.240515
0.0145,0.27124579592741327,0.365029
0.01453,-0.15338728941781454,0.2163
0.0146,-0.033928548368869826,0.249316
0.01462,0.005768854494561992,0.243928
0.01463,-0.16573091920254512,0.390506
0.01463,-0.20213091920254556,0.39282
0.01467,-0.035419880544729665,0.240694
0.01472,-0.14508338535121368,0.397352
0.01484,0.0586061223616241,0.270222
0.01492,0.226111502070232,0.372674
0.01493,-0.11315842115231334,0.277558
0.01499,-0.00035754432420276316,0.229564
0.01499,-0.04825754432420126,0.231708
0.01515,-0.10995250315925631,0.294985
0.01519,0.17586180985923505,0.26677
0.01525,-0.24148850613378414,0.30219
0.01529,0.015563311220347487,0.344305
0.01542,0.3061839759257339,0.372888
0.01543,0.03656122373070758,0.314862
0.01546,-0.009001564048205069,0.226465
0.01549,0.2268438266523205,0.34036
0.0155,0.21032743551813837,0.272528
0.0155,0.16342743551813754,0.258071
0.0155,-0.048372564481859115,0.28632
0.0155,-0.16257256448186297,0.313932
0.01557,-0.26746205452175786,0.290577
0.01557,-0.25046205452175485,0.290395
0.01562,0.10850092504065856,0.264363
0.01562,0.0655009250406593,0.33431
0.01565,0.262789404348716,0.278713
0.01576,0.08141521350127334,0.28688
0.01578,-0.08846868245259998,0.219937
0.01578,-0.01736868245260581,0.290382
0.01581,-0.09863798730562934,0.239289
0.01581,-0.19083798730563473,0.218994
0.01587,0.29204683476515214,0.270341
0.01588,-0.07223600353140114,0.224824
0.0159,0.06260090267998208,0.242893
0.0159,0.028600902679983164,0.209471
0.0159,-0.07079909732001965,0.272511
0.01603,-0.015375825516798614,0.281582
0.01652,0.22600785692068115,0.34637
0.01652,-0.1877921430793208,0.334729
0.01656,-0.032203464655559344,0.218117
0.01657,-0.2217293125809121,0.41528
0.01662,0.07835329485300946,0.261916
0.01666,0.1345735403327808,0.198023
0.01671,-0.31430855237544364,0.245383
0.01678,-0.05409083716715202,0.246475
0.01682,0.23767913413283992,0.358327
0.01682,0.30687913413284207,0.341619
0.01682,-0.25992086586715857,0.284408
0.0169,-0.3966441299206451,0.289311
0.0169,-0.34014412992064536,0.264562
0.01692,0.24915767702003677,0.310314
0.01698,0.0928812778634267,0.228387
0.01699,-0.1738121467778555,0.297815
0.01705,-0.05975692397217358,0.214463
0.01718,-0.25174524953706623,0.308995
0.01718,-0.0734452495370661,0.325329
0.0172,0.3320984017677162,0.219814
0.0173,-0.14543942574590574,0.28269
0.0173,-0.13733942574590685,0.257136
0.01733,0.10805341622821629,0.221698
0.01733,0.2172534162282176,0.231239
0.01734,0.06688581112204872,0.220285
0.01737,0.012087326839022694,0.263557
0.01737,-0.031012673160979887,0.262425
0.01743,-0.5255902266812242,0.330633
0.01747,0.012272381069415417,0.200241
0.01747,0.0027723810694126882,0.19782
0.01752,-0.1703083523732687,0.231417
0.01776,-0.12461137839203218,0.320412
0.01778,-0.012785243254086254,0.210115
0.01778,-0.10278524325408256,0.213428
0.01784,-0.06269037229484553,0.246602
0.01784,-0.11479037229484845,0.22287
0.0179,-0.06647093195429221,0.318912
0.01802,-0.11255899904119104,0.234211
0.01808,0.22183316966557243,0.20147
0.01826,0.5714525752244128,0.21848
0.01826,-0.20724742477558777,0.280568
0.01839,0.01595365841872365,0.226901
0.01855,0.04960384289624642,0.255362
0.01855,0.1336038428962496,0.296243
0.01865,0.162879949892492,0.238984
0.01865,0.1173799498924879,0.239989
0.01866,0.1512010064361462,0.277471
0.01875,0.08061850782630131,0.215514
0.01875,0.020618507826306143,0.321023
0.01905,-0.07229770196463647,0.281407
0.01947,0.22582099806678002,0.195403
0.01947,0.2596209980667794,0.195531
0.01975,0.1766978191084405,0.466611
0.01975,0.159097819108446,0.433516
0.01976,0.10508371204067402,0.406241
0.01995,-0.23767925651957,0.295725
0.02001,0.07631039305052667,0.204275
0.02006,-0.10248330795529625,0.199486
0.02019,-0.12160393839274519,0.233893
0.02019,0.07319606160725556,0.19246
0.02023,-0.03366134447171021,0.188309
0.02023,-0.13196134447171204,0.295566
0.02023,-0.05716134447170873,0.189903
0.02023,0.015038655528293532,0.187832
0.02024,0.3645506322958241,0.187715
0.02034,0.1713994784618933,0.241825
0.02034,-0.07020052153810497,0.375822
0.02035,-0.0752827405108718,0.187708
0.02035,-0.08058274051087011,0.177716
0.02035,-0.15308274051087523,0.19075
0.02044,-0.000699168135732009,0.214591
0.02049,0.46502103838238895,0.375783
0.02052,-0.10850062474199262,0.333904
0.02056,-0.25198895533559096,0.217156
0.02056,-0.10408895533559104,0.249505
0.02081,-0.20910599139194375,0.330445
0.02082,-0.022464101134517023,0.230899
0.02082,-0.061564101134514715,0.254511
0.0209,0.10688902178085158,0.300223
0.02096,-0.015625235330830378,0.216494
0.02106,-0.052409489263240516,0.230687
0.02116,-0.3571447635724212,0.203089
0.02116,0.08725523642758048,0.196425
0.02118,0.3837740183779488,0.310686
0.02118,0.47137401837794357,0.304103
0.02131,0.008393153623217131,0.180584
0.02131,-0.013306846376785586,0.177177
0.02131,-0.005806846376785302,0.187753
0.02134,0.011893701806435786,0.339971
0.02137,-0.40710145676258236,0.19901
0.02151,-0.17838911623952924,0.199177
0.02153,-0.15893695578088796,0.393324
0.0217,-0.016768254501243973,0.195863
0.02183,-0.04253152708391639,0.283448
0.02183,-0.026631527083914364,0.253646
0.02197,0.0439787739961659,0.246447
0.02198,0.149475755846467,0.216973
0.02203,-0.14703259812266367,0.247785
0.02205,-0.07523280348571149,0.199095
0.02207,0.05976877840680572,0.186029
0.02215,0.21519291393615703,0.288632
0.02219,0.17671562150384545,0.216159
0.02228,-0.03990751510502122,0.18018
0.02228,-0.022407515105022924,0.25811
0.02231,0.07572599773571653,0.169837
0.02234,-0.07903656123922076,0.199004
0.02234,0.018663438760775364,0.204479
0.02236,-0.07230942343715441,0.224663
0.02239,-0.08526545883610481,0.302654
0.02239,0.003634541163897609,0.24312
0.0224,-0.09864993674762701,0.288719
0.0224,-0.05794993674762594,0.25527
0.02241,0.18056601830669194,0.214526
0.02255,-0.14176536482413837,0.243141
0.02266,-0.039295511919853254,0.220547
0.0227,-0.01768466460215734,0.2033
0.02273,-0.20499710098320634,0.358325
0.02295,0.3573600278255,0.304874
0.02295,-0.05273997217449988,0.20127
0.02298,0.08517882630154361,0.267367
0.02298,0.057178826301544916,0.237284
0.02303,0.06618504691733307,0.19074
0.02307,-0.15604260142507798,0.340338
0.02313,0.09412816482544173,0.271221
0.02316,-0.04823096522365944,0.27497
0.02321,-0.01918808604519029,0.178524
0.02325,0.1139134785499536,0.229702
0.02331,-0.29767212442103386,0.266962
0.02331,-0.5153721244210274,0.279423
0.02342,0.029241601601185607,0.282579
0.02342,0.05224160160118174,0.221692
0.02342,0.02244160160118014,0.225403
0.02343,-0.09860022179887551,0.260273
0.02343,-0.09860022179887551,0.170636
0.02344,-0.12464164944686473,0.263771
0.02352,-0.12615886395867193,0.21588
0.02354,0.03266576641336627,0.217718
0.02357,0.07065565161967413,0.206572
0.02357,-0.019044348380326426,0.259128
0.02357,-0.3984443483803233,0.261746
0.02365,-0.023120805132940347,0.274039
0.02369,-0.038149700715386814,0.2098
0.02388,-0.003877724279504946,0.180801
0.0239,-0.11162526685194507,0.403697
0.0239,-0.006625266851948197,0.277383
0.02391,-0.10224846745789051,0.190331
0.02401,0.09104037584410207,0.195014
0.02411,0.08496690667718809,0.31033
0.02411,-0.5488330933228127,0.398476
0.02412,-0.14264837946420528,0.224067
0.02417,-0.08331921468877823,0.208286
0.02417,0.05858078531122146,0.183555
0.02428,0.14485762126585655,0.232251
0.02429,0.04074864186996052,0.195416
0.02432,-0.051976088101710616,0.184147
0.02432,-0.08607608810170575,0.198064
0.02432,0.19262391189828776,0.235205
0.02434,-0.030690737593403128,0.201948
0.02453,-0.05005708415507115,0.162015
0.02453,0.016542915844922845,0.209952
0.02453,-0.1087570841550729,0.170871
0.02457,0.1167456255125714,0.189112
0.02462,0.039957108099429206,0.235556
0.02462,-0.014042891900565735,0.231261
0.02462,-0.17634289190056762,0.233972
0.02464,-0.11513578776202849,0.213795
0.02464,-0.26093578776202975,0.18246
0.02466,-0.2585272521982418,0.317595
0.02491,-0.005800720574043794,0.240547
0.02494,0.10264125650724054,0.228493
0.02509,0.10729814739640631,0.268527
0.0251,-0.27188195510039037,0.288042
0.0251,-0.26058195510039184,0.181918
0.0251,-0.029781955100389723,0.205996
0.0251,-0.09978195510039001,0.176889
0.02512,-0.08294112576835744,0.190198
0.02513,-0.653120194488146,0.333265
0.02517,-0.20323303165810103,0.306484
0.02517,0.08396696834189754,0.238281
0.02517,0.11276696834189437,0.204374
0.02519,-0.002787391438523912,0.15531
0.02519,-0.00218739143852531,0.174825
0.02521,-0.13424038158600382,0.185284
0.02525,-0.17784226166128292,0.240723
0.02525,-0.2156422616612801,0.269066
0.02534,0.0583984178066288,0.176701
0.02534,0.06759841780662867,0.185937
0.02556,0.03390173795914109,0.233724
0.02557,-0.08766244729067552,0.190177
0.02585,-0.40742565700631417,0.344692
0.02591,-0.06084870345167559,0.200181
0.02596,0.2181909939430895,0.200491
0.02598,0.10818913149901022,0.179545
0.02598,-0.07681086850099206,0.198242
0.02598,-0.3499108685009915,0.348314
0.02598,0.1261891314990109,0.17873
0.02626,0.07689736617803078,0.288909
0.02626,0.134297366178032,0.323231
0.02632,-0.19134712077133287,0.372346
0.02669,0.0634927845044686,0.179587
0.02691,0.006142254834671235,0.183373
0.02691,0.02654225483467343,0.205883
0.02695,-0.14754216840335488,0.181369
0.02713,-0.029363041277918,0.18676
0.02714,0.04092194876729849,0.216057
0.0273,-0.005278237815339537,0.298907
0.02731,-0.027988262165870026,0.172357
0.02731,0.04841173783412955,0.230789
0.02731,-0.18348826216586644,0.346591
0.02731,-0.06828826216587203,0.261645
0.02736,0.013665981915458758,0.220137
0.0274,0.0016346034337004767,0.352852
0.02741,0.22022748291659866,0.225337
0.02748,-0.19601427435947016,0.172724
0.02748,-0.15521427435947288,0.186856
0.02748,-0.1973142743594707,0.170295
0.02773,0.01765119333308718,0.289875
0.02803,0.3729426202727666,0.321699
0.02805,-0.22383570817897436,0.184771
0.0281,0.3155233004072997,0.216353
0.02816,-0.0017968098606431226,0.190628
0.02819,-0.04805316298151041,0.173415
0.0282,-0.07883806687166839,0.292934
0.02823,0.13750886019561648,0.163093
0.02823,0.18770886019561317,0.160218
0.02823,0.18940886019561276,0.160985
0.02833,-0.10991702176526985,0.177545
0.02844,-0.012994227244810475,0.160301
0.02844,-0.04289422724480829,0.156527
0.02849,-0.28398219533414704,0.181734
0.02849,0.04791780466585038,0.180322
0.02849,-0.09758219533414803,0.178243
0.02849,-0.029882195334145933,0.180243
0.02849,-0.1925821953341469,0.366604
0.02857,0.20451096750245057,0.235009
0.02858,0.2637363128294723,0.251383
0.02866,-0.057151362746715506,0.211378
0.02866,0.008448637253280822,0.201911
0.02873,-0.4587516863647849,0.227749
0.02888,-0.1426804489652369,0.655117
0.02898,0.05126631525963177,0.275376
0.02902,-0.37388772400427683,0.218663
0.02913,0.07713492210071848,0.250819
0.02915,0.2552151029513894,0.183345
0.02917,-0.20200369322282086,0.185823
0.02919,0.1597785321768157,0.169987
0.02938,0.16521035827824448,0.299966
0.02938,0.015010358278246372,0.225755
0.02944,-0.18540802196345396,0.180915
0.02947,-0.369863824874777,0.272694
0.02949,0.14263355792083843,0.224233
0.0295,-0.10221737576920731,0.283742
0.02953,-0.002868679221322168,0.177866
0.02956,0.035882260208204286,0.190895
0.02969,-0.20213786182529248,0.194122
0.02978,0.014557251700360041,0.190369
0.02978,0.02465725170036137,0.190788
0.0299,-0.060451741715738194,0.185335
0.02996,0.3607069057407699,0.192522
0.03012,0.0074058164120316405,0.196088
0.03012,-0.02829418358796687,0.199296
0.03012,-0.03599418358796669,0.233488
0.03023,-0.0016718197833966997,0.166012
0.03031,0.02817162131066908,0.216273
0.03036,-0.04938103480542111,0.173804
0.03047,-0.0031961568916898386,0.258248
0.03059,-0.18780763003888268,0.164518
0.03075,-0.2057709483198522,0.343157
0.03076,0.04970830431155093,0.212671
0.03083,-0.09893050423504945,0.278746
0.03086,-0.14948656087656786,0.184841
0.03091,-0.0768754264381144,0.166476
0.03096,0.07504139475575755,0.206672
0.03108,0.3407648580336584,0.399302
0.03108,-0.175635141966346,0.332119
0.03108,-0.24423514196634244,0.375292
0.0311,-0.01806140811710577,0.183722
0.03114,0.08408875484396106,0.236835
0.03114,-0.04501124515604005,0.184896
0.03116,0.0003651816501175631,0.169094
0.03117,-0.057646269118656335,0.283582
0.03118,0.07874250380663739,0.174531
0.0312,-0.09447927983378435,0.175954
0.0312,-0.010879279833780231,0.14868
0.0312,-0.10607927983378573,0.153803
0.03121,0.18111016331423002,0.224228
0.03121,0.15191016331423413,0.226764
0.03121,0.19581016331423484,0.216659
0.03132,0.02440873261719645,0.320886
0.03143,0.03963411064324873,0.196214
0.03143,-0.04626588935674647,0.185563
0.03147,0.30261358554844264,0.273901
0.03148,0.09170900325612052,0.164289
0.03148,0.09700900325611883,0.22057
0.03162,0.02756781597931024,0.19424
0.03162,0.06486781597931213,0.188076
0.03166,0.10526389032881411,0.17805
0.03192,-0.18157745194291408,0.276064
0.03201,-0.15742343028350092,0.148675
0.03236,0.003449108665819267,0.20211
0.03255,-0.10814182328660848,0.196814
0.0326,0.1686518544898803,0.258808
0.0326,0.17015185448988035,0.294619
0.03264,0.19053047875355134,0.19004
0.03264,-0.02466952124645161,0.274525
0.03264,0.21793047875355143,0.198168
0.03272,-0.03190248794962969,0.156049
0.03272,-0.059102487949630245,0.169859
0.03272,-0.052602487949634735,0.148421
0.03282,-0.06957543190149806,0.204026
0.03289,0.13089552094054113,0.178659
0.0329,0.016920747467587205,0.15355
0.03294,0.08862366042310299,0.326022
0.03296,0.020476319305345214,0.22019
0.03296,0.17877631930534932,0.225741
0.03298,-0.0968702215049575,0.168015
0.03333,-0.07240614837295567,0.150947
0.03333,-0.00990614837295567,0.162633
0.03335,0.0778619434750567,0.198961
0.03341,0.12267090557637061,0.150987
0.03341,0.10957090557636917,0.143619
0.03371,0.017820369892781684,0.159699
0.03373,0.06580315593766528,0.273673
0.03375,0.25838670620152726,0.243018
0.03378,0.06111346252956906,0.259126
0.03393,0.13257289970252373,0.177213
0.03403,-0.02416385077091121,0.312966
0.03428,0.11967615425856337,0.207416
0.03428,0.13867615425856883,0.211316
0.03437,-0.021249053561618325,0.217075
0.03441,0.0174667541615392,0.340606
0.03451,0.16171910957358904,0.358083
0.03459,-0.08432585923647196,0.155656
0.03479,0.0246624727362601,0.205773
0.03491,0.07221000855354731,0.165632
0.03512,0.02867989605400112,0.169326
0.03515,0.03888196085041784,0.211664
0.03516,-0.054250332194477835,0.48333
0.03516,-0.05165033219447679,0.482057
0.03522,-0.024340401215617646,0.334212
0.03529,-0.0026541761706866396,0.1686
0.03551,0.11302948532395618,0.374822
0.03568,0.34591042856791177,0.188455
0.03576,0.06603033042191697,0.225173
0.03576,0.2614303304219163,0.230318
0.03583,0.03508167120956074,0.204232
0.03585,-0.34715927740116825,0.204326
0.03599,0.08357298481269027,0.187185
0.03616,-0.059207924650110044,0.223482
0.03624,0.26177653671045675,0.187245
0.03635,0.07403495961073503,0.185251
0.03682,-0.02984716748333227,0.1566
0.03682,-0.0744471674833278,0.185109
0.03697,0.107705882206659,0.289284
0.03702,-0.16450180022714278,0.308166
0.03702,-0.041401800227141905,0.318471
0.03702,0.0993981997728568,0.175025
0.03702,0.1098981997728572,0.336812
0.03705,-0.00820450535745465,0.166565
0.03707,0.07439448326729803,0.166339
0.03725,0.022813777115089806,0.135213
0.03725,0.008813777115086907,0.149174
0.0373,-0.11707183299850499,0.18969
0.0374,-0.013931343628414083,0.163683
0.03753,-0.05155548243774177,0.262609
0.03756,0.33096573521779504,0.171248
0.03756,0.2161657352177926,0.171341
0.03787,-0.014334198434625023,0.206656
0.0379,0.040002610344053835,0.163008
0.03796,0.06298031258631909,0.198876
0.03818,-0.14498843588478394,0.151724
0.03818,-0.17708843588478373,0.152703
0.03828,0.06948604803348246,0.236153
0.03834,0.4695978654878914,0.245806
0.03847,0.16975838191967085,0.311188
0.03848,0.20017945220912026,0.149974
0.03873,-0.058146264370385836,0.17035
0.03884,-0.05096480923535296,0.219507
0.03902,-0.07476667183436803,0.204712
0.03909,0.10493956771227175,0.220822
0.0391,0.12066960028644758,0.18352
0.04014,0.13365619424231312,0.147901
0.04035,0.3866206143337365,0.234635
0.04056,-0.15685606356732507,0.143473
0.04056,-0.09175606356732402,0.14498
0.04077,-0.193274446980503,0.210464
0.04089,-0.06533043789875137,0.168835
0.04095,0.21549859694227536,0.307187
0.04099,-0.15677945199252008,0.147245
0.04101,0.11713230037461386,0.150794
0.04167,0.3263073088083033,0.280122
0.04222,-0.052962648924612665,0.208042
0.04258,0.22857929648024822,0.426487
0.04268,0.00584087349506035,0.151018
0.04268,-0.3734591265049403,0.29449
0.04285,-0.04403707361225173,0.175538
0.04285,-0.08903707361225344,0.166515
0.04289,-0.09642101722070606,0.162522
0.04306,-0.061356715423187325,0.207056
0.04349,0.08724488353949056,0.166064
0.04349,-0.11555511646050576,0.152187
0.04349,-0.0410551164605053,0.166626
0.04369,-0.08010724763887822,0.177777
0.04408,-0.029568180295008517,0.181208
0.04438,0.17237020361968547,0.231201
0.04439,-0.0834334642914456,0.249078
0.0444,0.17546297818702783,0.270525
0.04464,0.12381058599866179,0.286272
0.04487,0.05741938669824975,0.162334
0.04521,0.2706369229125585,0.304921
0.04545,0.026294074319729077,0.196266
0.04575,0.020875740489380235,0.173532
0.04575,0.07137574048937978,0.151933
0.04583,-0.28853329960765706,0.182756
0.0459,-0.06874827131707661,0.196005
0.04625,-0.20324754163492287,0.218105
0.04631,0.06965085979613406,0.159223
0.04643,-0.1508413911575559,0.195021
0.04656,0.026300067198164356,0.209562
0.04664,-0.01434290706706065,0.19409
0.04682,-0.015666229398057396,0.148197
0.04682,-0.00856622939805618,0.182928
0.04691,0.2596341834151019,0.280677
0.04738,0.04331019681554693,0.229149
0.0476,0.06963449362098117,0.161688
0.04777,0.055348760186610946,0.145385
0.04777,0.023448760186610684,0.208806
0.04819,-0.06126297338344244,0.165873
0.04837,-0.19371723806128216,0.154741
0.0486,-0.24754831228393215,0.135835
0.04865,0.06084704919175721,0.181462
0.04934,-0.012024287048518545,0.202684
0.0494,-0.14534933612897305,0.176995
0.04944,-0.0334642516478354,0.168097
0.04985,0.005414583859490563,0.244395
0.04989,-0.16518443855795795,0.18553
0.05018,-0.08028565472437776,0.155812
0.05023,0.20648012583184538,0.163226
0.05032,-0.11553603811580615,0.453411
0.05044,-0.1990800985618435,0.201896
0.05049,-0.11730315170451178,0.190961
0.05052,0.038864041103117586,0.133364
0.05066,0.18135440636441302,0.302557
0.05106,0.19180386396210025,0.16836
0.05126,-0.3043711892374361,0.201448
0.05151,-0.12209344447078507,0.156832
0.05194,0.04893992612478115,0.228182
0.05202,0.1374835975288491,0.208308
0.05202,-0.18711640247114758,0.298829
0.05222,0.10206526234608759,0.218249
0.05262,0.15822413126799972,0.207509
0.05309,-0.0009561131492077379,0.161766
0.05316,0.06828277568901342,0.172204
0.05346,0.07133492635215788,0.133817
0.05468,-0.009801384861575002,0.178902
0.05469,0.015187288767926077,0.149593
0.05502,-0.21314580633512747,0.175423
0.05541,-0.004738561970548005,0.194374
0.05614,-0.09089781657311136,0.193162
0.05653,-0.007584824892298059,0.185051
0.05693,0.10603614619076751,0.176308
0.05708,0.05110930572408989,0.171451
0.05728,0.1216302300140768,0.221323
0.05824,-0.0024230085653229594,0.138149
0.05824,-0.05212300856532437,0.14674
0.0583,-0.032343984929042335,0.182842
0.05886,-0.02819582975578072,0.215566
0.05886,0.13760417024421656,0.252804
0.05974,-0.7417661199622358,0.617516
0.06092,-0.05400733952808423,0.17759
0.06099,0.07450010833066045,0.123921
0.06099,0.10390010833066299,0.16057
0.06121,0.04157073784420362,0.198009
0.06137,-0.14182384479377674,0.196145
0.06137,-0.13352384479377832,0.141986
0.06153,-0.03380362027732531,0.183316
0.06372,0.16416600064002296,0.206518
0.06384,-0.17208840261113778,0.155855
0.06446,-0.13504747205499967,0.154429
0.06533,-0.15888161630762454,0.153034
0.06627,0.08537767310551203,0.203312
0.06654,-0.12283006147116282,0.296189
0.06711,0.11884888875042776,0.194412
0.06725,-0.07517247544505068,0.203006
0.06786,0.16346560934021426,0.190499
0.06844,-0.11122656532868547,0.191221
0.06886,0.05810113148196194,0.159324
0.06897,-0.08511864796311386,0.174144
0.07023,-0.11349032220755362,0.277681
0.07056,-0.1224301738652116,0.226908
0.07056,-0.14103017386521088,0.212322
0.07073,0.05470733246893644,0.176182
0.07083,0.0541999891415017,0.447068
0.07089,0.025177670266039343,0.24781
0.0709,0.29965743573033166,0.501827
0.07091,-0.058562755425477064,0.228257
0.07116,-0.08255347140163849,0.196012
0.07158,-0.2017173774534058,0.16107
0.07167,-0.03847127338440259,0.208957
0.07193,0.09960342574757419,0.180815
0.07222,0.16056265835055683,0.199695
0.07252,0.14174369517303376,0.304764
0.07393,0.028969519623188944,0.176502
0.0744,-0.10434403299817063,0.222054
0.07446,-0.09067777172462854,0.192118
0.0752,-0.0869781160802745,0.179761
0.0752,0.002321883919726986,0.154994
0.0756,0.23884776485603254,0.289148
0.07575,-0.03376424808709544,0.217171
0.07588,0.05043226231175879,0.198325
0.07845,-0.08814933544436343,0.150392
0.07859,0.16778572819859505,0.146078
0.07875,0.3470485662861975,0.239252
0.07875,0.4258485662861986,0.180119
0.07895,-0.07533522015094007,0.503338
0.07906,0.10698967236295687,0.238199
0.07931,-0.15451078504136717,0.147217
0.07991,-0.10140364964178161,0.157805
0.08009,-0.04003742661590337,0.119289
0.08167,-0.02993279469313137,0.219648
0.08245,0.04605506476433163,0.217606
0.08282,-0.10597571698342279,0.265638
0.08309,0.2030861068418659,0.195118
0.0841,0.1501650888525745,0.221594
0.08572,-0.021483157928678054,0.128563
0.08704,-0.048670080649380054,0.21681
0.0887,-0.1631571838998127,0.253181
0.09039,-0.06344031436784547,0.21704
0.09089,0.030601804643254127,0.167553
0.09205,0.1347890937499372,0.266341
0.09293,0.17533568837568225,0.493293
0.0995,0.23323854205365535,0.194713
0.10165,0.044433580523495664,0.165557
0.10221,0.14205383784271675,0.187412
0.10246,-0.020985496955603367,0.199553
0.10294,-0.10137652978502842,0.18625
0.10361,0.035940506187657206,0.12638
0.10374,-0.09285599054631888,0.196456
0.10507,0.09930670858460644,0.236183
0.10661,-0.10274061789247213,0.195537
0.10707,0.08859816357513495,0.151122
0.10711,0.05483388707176573,0.210466
0.10713,0.4050018634356718,0.468541
0.10774,0.11016169704212331,0.180059
0.10794,0.009168776714119531,0.187108
0.10908,-0.015258018278331065,0.133183
0.11001,0.13357399547822268,0.179741
0.11259,0.13112345106497258,0.163201
0.11388,-0.12911660348509457,0.194923
0.1165,-0.02875667390757286,0.159897
0.11653,0.0600448105136806,0.185742
0.1176,-0.01870769196882094,0.239635
0.11792,0.011071867292379522,0.214419
0.11818,-0.18715158393339948,0.127058
0.11901,-0.05623634333765892,0.212381
0.12014,-0.04533577916785703,0.200195
0.12058,0.14295081854094605,0.252257
0.12086,-0.020251562673273327,0.302627
0.12207,-0.08376271695541249,0.157915
0.12231,-0.07094079664962294,0.231142
0.12278,-0.006481732326939493,0.144584
0.12316,-0.10228702669380141,0.274641
0.12357,-0.09033770632899518,0.162163
0.12377,0.090390261750521,0.333367
0.12383,0.11255977179811083,0.150324
0.12393,-0.06312323199165348,0.145797
0.12405,0.11921905176010483,0.221531
0.12472,0.033251149879937714,0.12587
0.1256,0.39694030325790663,0.298944
0.12623,-0.2608420108509719,0.293348
0.12706,0.040750506167817946,0.259679
0.1271,-0.08758482455862548,0.280884
0.1272,-0.0314221990025203,0.159508
0.12732,0.007574745148005491,0.176913
0.1292,-0.056087108713448686,0.150979
0.12921,0.029331904484763527,0.212795
0.1295,0.016789009571049007,0.250442
0.12958,0.025244636878412052,0.142748
0.13169,-0.053451126645718716,0.134576
0.13281,-0.09118267939335567,0.122177
0.13366,-0.06362880394823378,0.283718
0.13372,-0.047880447769017564,0.157696
0.13477,0.32698717348481665,0.199357
0.13535,0.15781814609241707,0.31333
0.13614,0.043768410189528595,0.206627
0.13658,-0.0934017685572428,0.195569
0.137,0.06139347532998585,0.224296
0.13713,0.011267632723388488,0.259136
0.13745,0.39529706090892347,0.230391
0.13822,-0.08321768132875462,0.128482
0.13826,-0.01929709211712094,0.15974
0.1384,0.050926421493848295,0.12425
0.13851,0.06626076384139878,0.319084
0.13875,0.021995058049697036,0.176022
0.1388,0.06794886645408127,0.130742
0.13955,0.02989018693470058,0.145767
0.14082,0.1647996080548495,0.184019
0.14104,0.2671297827464514,0.203514
0.14123,0.02116470450614827,0.212429
0.14134,0.10233411484991706,0.260864
0.14325,-0.005940490003801813,0.160602
0.14345,0.45917612128778273,0.37065
0.14359,0.05498030027474243,0.129494
0.14404,0.009715053467402868,0.170594
0.14423,-0.05298824700007998,0.24096
0.14542,0.06346194966304353,0.210163
0.14638,0.08185979141393318,0.207408
0.14652,0.051907017979736736,0.187578
0.14737,-0.1043274294031562,0.197495
0.14747,-0.15412663935759952,0.171803
0.14771,0.008839394310740545,0.188785
0.14778,0.03472225243027793,0.170177
0.14803,0.09823649895783149,0.184985
0.14806,-0.09254136802734791,0.157931
0.14834,-0.11129709529223675,0.142683
0.14898,0.015247867856409414,0.17494
0.1494,-0.041594214451372125,0.175216
0.1505,-0.06350770446498899,0.170038
0.15084,-0.0059352025188488255,0.134119
0.15195,-0.14425007298842019,0.158769
0.15291,0.11707001723880239,0.173198
0.15318,0.006500778105575478,0.127754
0.15336,-0.11467489992273272,0.159928
0.15341,0.041854618840247326,0.179373
0.15357,0.14689065526509637,0.175468
0.15511,-0.033003079960735704,0.167881
0.15526,0.03511054131903535,0.157843
0.15536,0.15498743515870927,0.175858
0.15601,-0.28389048639697023,0.179204
0.15671,-0.056185344122880565,0.210288
0.15856,-0.21327470873323762,0.163715
0.15921,0.12433329255207326,0.283686
0.15931,-0.3535545044106314,0.143914
0.15948,-0.2155817596339773,0.143045
0.16004,-0.27188908712687265,0.270648
0.16008,-0.08668142896369346,0.167715
0.16053,-0.11623577257147844,0.217053
0.16061,0.10108305590645728,0.26036
0.16077,-0.1092776408617766,0.20927
0.16122,-0.021505365284852473,0.246322
0.16236,-0.02361865848143907,0.224064
0.16375,-0.08834965697864305,0.200998
0.16448,-0.11621050954374823,0.199319
0.16471,-0.05362884743773577,0.139452
0.16495,-0.06818685755136045,0.150918
0.16603,0.0919099186430472,0.241887
0.16606,-0.22061938303434658,0.193496
0.16828,-0.1581888162915419,0.165826
0.16924,0.06807957711779267,0.182871
0.16971,0.21808078256724883,0.274897
0.17042,0.010244601163563516,0.132684
0.17124,0.06701687646378929,0.275502
0.17169,-0.021332797138072124,0.214715
0.17256,0.008427628687691424,0.177409
0.1727,-0.22800449320759952,0.152344
0.17297,0.22697338595927619,0.252568
0.17331,-0.11690604283558059,0.131849
0.17374,0.030388078613441394,0.18318
0.17378,-0.16116061355344158,0.151501
0.17392,0.08621988915214018,0.318528
0.17417,0.057595789614659054,0.137128
0.1742,-0.18451479488457778,0.154309
0.17438,-0.013376920765637124,0.183971
0.17443,0.035239575148843016,0.230974
0.17444,-0.03459710378691483,0.162645
0.17498,0.2165330406217265,0.182014
0.17666,-0.03326081427506722,0.135467
0.17713,-0.046501565313491255,0.175623
0.17737,-0.08213336165150764,0.138264
0.17786,-0.22641900207120358,0.257355
0.17791,0.08120994293720685,0.131546
0.17852,0.39223716497022565,0.207864
0.17901,0.05979093481624176,0.157339
0.17911,0.18465701705488158,0.201468
0.17931,-0.049708742189572774,0.229828
0.17952,-0.0371048154744571,0.280575
0.17973,-0.03889784917833339,0.174634
0.17975,0.005136305884867909,0.208929
0.18004,0.4029846416639771,0.268081
0.1805,-0.23221307970721483,0.13762
0.18073,-0.10055652478638422,0.133745
0.18078,0.11188233318631546,0.179158
0.18082,0.03385354194310253,0.133983
0.18086,0.009324859429753474,0.246207
0.18092,0.014732039425112475,0.207991
0.18126,0.04744400408100802,0.225961
0.18136,-0.12557451709724177,0.134057
0.18145,-0.21826060849920736,0.235174
0.18217,-0.036729702920276,0.201062
0.18229,-0.09870450263722574,0.149858
0.18231,0.06363312441696678,0.152439
0.18252,0.15447982233126112,0.177319
0.1836,-0.04223368348312562,0.294191
0.18375,0.036312211806588834,0.151568
0.18389,0.10648971750448055,0.19743
0.18402,0.1487985553153095,0.218377
0.18458,0.28392621490076664,0.282465
0.18459,0.13449653805815842,0.142656
0.18484,-0.0030432637951918196,0.27682
0.18493,-0.046008596036614335,0.134864
0.18506,0.08280907603553089,0.159325
0.18515,-0.02715496955811858,0.160441
0.18522,-0.12005997502406274,0.172189
0.18527,0.12479378699672594,0.139358
0.18667,0.07446457750904045,0.144508
0.18728,0.0801482422729407,0.13671
0.18809,0.045505632079766656,0.191467
0.18906,-0.27352568758367823,0.149571
0.18908,0.09672067693746556,0.256269
0.18929,0.2210590070103251,0.228953
0.18929,0.4259590070103272,0.200523
0.18948,0.024053190375418865,0.209197
0.18952,0.044646988024894085,0.238646
0.18995,0.005411567189653965,0.224725
0.19025,0.15372617264010557,0.15799
0.19042,-0.03991642573947729,0.294972
0.19044,0.18883162059292147,0.154841
0.19413,0.02286118829389494,0.218857
0.19434,0.1006637944162847,0.222002
0.19546,0.3424548398498857,0.403955
0.19553,-0.08160578120817519,0.156617
0.19557,0.11500256361115646,0.195934
0.19568,0.163450992565636,0.212325
0.19616,-0.0716385387064733,0.124812
0.19621,-0.026351262769495065,0.157962
0.19627,0.03791365944864111,0.254651
0.19635,0.08993387981517742,0.29342
0.19733,-0.012938474063176386,0.14158
0.19741,-0.122513373663935,0.130873
0.19782,-0.3287039923600332,0.189171
0.19817,-0.06885669531007466,0.182544
0.19828,0.06160817893578496,0.174409
0.19861,0.4943069174885082,0.238597
0.19877,0.05586912987693893,0.211487
0.19878,0.05664806616540119,0.174502
0.19908,0.18561877743420752,0.217638
0.19953,0.00968433824464654,0.254227
0.19961,-0.16598059479606064,0.246154
0.1997,0.053034283887811284,0.17155
0.20077,-0.1726319930178093,0.194976
0.20083,0.126748416567402,0.252956
0.20087,-0.09033119970288794,0.316127
0.20128,-0.00494217011721787,0.216953
0.20231,-0.25633871189887714,0.198124
0.20249,0.1180183341051233,0.159703
0.20279,-0.043149337012138744,0.184965
0.2032,0.08048274529119936,0.146626
0.20329,-0.004184603987816615,0.166845
0.20331,0.04107826673196513,0.173799
0.20334,0.04652261332645935,0.216127
0.20382,0.011438759656762443,0.171481
0.20469,-0.02203169500963753,0.160012
0.20483,-0.061880633891746584,0.202322
0.20523,0.2568138574586598,0.227714
0.20562,-0.10126584259784721,0.174944
0.20691,-0.006456983594055998,0.279831
0.20748,0.3804025725800315,0.333666
0.20751,0.13655354362074945,0.148972
0.2084,-0.2163797887566261,0.272182
0.20856,-0.07233313272639919,0.146778
0.20868,0.15387772288405444,0.239508
0.2087,-0.08585372928254031,0.197696
0.20879,-0.07099501000257646,0.15965
0.20948,-0.11746438656192737,0.262138
0.21015,0.18142045128554685,0.148877
0.21037,-0.5147079208313983,0.186032
0.21084,-0.011201254664300109,0.223017
0.21095,-0.16966191734230307,0.155718
0.21114,-0.02263799334215122,0.163264
0.21134,0.16137335726251933,0.266119
0.21174,-0.017097934857623898,0.230498
0.212,-0.07406499130580357,0.194498
0.21225,-0.05311475646026764,0.243726
0.2135,0.017082839719527954,0.16528
0.21365,0.001983724375676843,0.19033
0.21398,-0.12275044790763445,0.197488
0.2144,0.0030046669415000338,0.298904
0.21507,-0.13994678473694933,0.477887
0.21521,0.4400780490080507,0.22943
0.21578,0.19487464194503445,0.258716
0.2165,-0.21319154654045036,0.141535
0.21689,0.02434962125939677,0.190384
0.21692,0.05001462678635704,0.185301
0.21742,0.09073768426512174,0.269611
0.21794,-0.06034976856416563,0.174837
0.21845,0.1613864656189321,0.204417
0.21881,0.07739586996238046,0.247596
0.21897,0.12652422018305742,0.240729
0.21898,0.06311353181805401,0.218822
0.21899,-0.03659715187342272,0.130815
0.21941,-0.06604165222030645,0.208962
0.2195,0.037964167232878765,0.160031
0.21972,-0.012664466167294108,0.124319
0.21978,0.013273569457609824,0.173376
0.2199,0.1624501417855555,0.220195
0.22017,-0.15642513096474886,0.242946
0.22066,0.1029839050900776,0.225274
0.22083,-0.006683843808325207,0.266821
0.22132,-0.04775992809469187,0.143254
0.22132,-0.03305992809469416,0.204756
0.2215,0.09986794668925114,0.166162
0.22299,0.21559977888752968,0.281229
0.22349,0.0355631704329582,0.167278
0.22385,-0.10324423187676501,0.172818
0.22449,0.0029235915572201066,0.19721
0.22449,-0.18147640844278357,0.245775
0.22493,-0.018531694103451457,0.160616
0.22542,0.012682752266506725,0.174035
0.22543,-0.0036250055973425788,0.188923
0.22551,0.048213090457757346,0.197444
0.22578,-0.15379375108864934,0.175963
0.22645,0.24370682551111855,0.201078
0.22726,-0.05917072387112654,0.228488
0.22818,0.05760788208301193,0.183395
0.22865,-0.010595460736091411,0.308241
0.22928,0.04521281099924579,0.202405
0.22978,-0.04788600754123706,0.188066
0.2302,-0.05912879189617826,0.227444
0.23041,0.11655262252452303,0.260109
0.23082,-0.12227352489637155,0.296847
0.23086,-0.0894952080317637,0.204707
0.23092,0.10077239375959124,0.226289
0.23125,0.11839691364541949,0.189753
0.23162,-0.001394394637195262,0.226906
0.23164,-0.11510457206102842,0.237265
0.23205,-0.0024095205415122223,0.159507
0.23282,-0.3808754768247553,0.180906
0.23367,-0.038150902033855516,0.255059
0.23378,0.18980269266218386,0.19637
0.23391,-0.04755150807982034,0.292139
0.23395,-0.08786804544065063,0.214099
0.23472,-0.043573601267851814,0.32799
0.23481,0.042692267483019464,0.167703
0.23494,-0.07905644985000038,0.183242
0.2352,-0.07685181897508642,0.275154
0.23556,-0.009879331283244142,0.214202
0.23639,0.12844668025896766,0.155735
0.23662,0.009175672827460346,0.156727
0.23664,0.21276959881244295,0.193131
0.23685,-0.13779320831015696,0.236651
0.23693,-0.02971666928982586,0.210237
0.23721,-0.035996763163083756,0.203948
0.23746,0.4734343747047234,0.305716
0.23789,-0.03577823489801801,0.172272
0.2395,-0.37803475031549283,0.208409
0.23981,-0.157091670822453,0.180786
0.2402,0.09364206402396036,0.264226
0.24085,0.10394480806786532,0.166736
0.24122,0.02769678061683578,0.130654
0.24151,-0.18293715630725416,0.184136
0.24164,-0.13365131439113753,0.261675
0.2422,0.2526951436672533,0.221356
0.2428,0.10435114448983995,0.219858
0.24284,0.25564870130472883,0.259119
0.24329,-0.07067457546259703,0.143114
0.24354,0.2132158269561799,0.306318
0.2441,-0.034797058899833644,0.242814
0.24444,-0.12739908998312188,0.221704
0.24459,-0.20899859858661074,0.186144
0.24511,-0.006890335861818642,0.209543
0.24523,0.1540130137954705,0.181643
0.24553,0.013523749289213072,0.219468
0.24585,0.08393891142941357,0.167359
0.24617,-0.003742105242743321,0.149416
0.2465,0.02368146329305887,0.17135
0.24656,-0.07201381684136265,0.214739
0.2466,0.035389403955697674,0.15515
0.24711,-0.16206433451788627,0.137434
0.24846,-0.17069559079147467,0.17717
0.2486,0.11612573377702518,0.215929
0.24861,0.05242728435949573,0.195634
0.24862,-0.009571161406356055,0.261564
0.24865,-0.04996647679664079,0.178325
0.24896,0.048383853273300303,0.180619
0.24909,-0.06319399854574925,0.167358
0.24972,0.28722203315093253,0.220606
0.24983,-0.09105623190978207,0.206796
0.24986,0.004049771777417277,0.163714
0.25019,0.20581795877541964,0.224495
0.25022,-0.014575647472405251,0.218218
0.25043,0.021470017146882014,0.179616
0.25051,0.1753878309782948,0.188725
0.25063,-0.09408501653927459,0.188277
0.2509,-0.010322031509218732,0.202604
0.25199,0.06155877471413618,0.207347
0.2526,0.0480343906276417,0.166497
0.2526,-0.007565609372363724,0.259149
0.2533,-0.052147852591907906,0.15705
0.25358,-0.39335591286584304,0.262822
0.25407,0.026211607667079306,0.167762
0.25616,0.19732014530282527,0.194176
0.2562,0.11043709531528378,0.271675
0.25637,-0.07759025241655593,0.207312
0.25683,0.04741131770423834,0.251739
0.25731,0.11812938620077773,0.249962
0.25736,0.03415255480261692,0.193606
0.25772,0.1454218869735726,0.22531
0.25813,0.06072011267901445,0.231214
0.25859,-0.00535069479633421,0.209281
0.25865,0.03777972823654352,0.149785
0.25904,0.06588044320842101,0.163699
0.25919,-0.18944099219050514,0.178603
0.25923,-0.052219913597326695,0.162943
0.25948,0.04371304763935768,0.233841
0.25952,-0.038465483518322685,0.169977
0.26062,0.012445921961777628,0.171288
0.26094,0.11893137188555158,0.185932
0.26141,-0.051290078388483096,0.207526
0.26162,-0.08206325284933058,0.225542
0.26172,0.18619765315338555,0.258941
0.26173,0.17970376193858328,0.233293
0.26175,-0.10948401057515156,0.226027
0.26184,0.1911711766765123,0.249126
0.262,0.21776994776925562,0.216893
0.26303,0.7506259600895362,0.514634
0.26323,0.12345737615463293,0.170092
0.2636,-0.11909605837832515,0.177345
0.26393,0.03692761720294868,0.167704
0.26397,-0.21874502976714894,0.205843
0.26408,0.11093045925231593,0.381046
0.26419,-0.016893658636590203,0.238455
0.2646,-0.012807367529070746,0.197965
0.26463,0.14351379439792566,0.256474
0.26582,0.06927663884852109,0.219728
0.26583,-0.21511591734431335,0.206109
0.2664,-0.254686325615765,0.264978
0.267,-0.004022912989206873,0.204902
0.26791,-0.04839823637916396,0.202065
0.26818,-0.09887818164252593,0.232043
0.26859,0.014060369798229999,0.191142
0.2686,-0.10973130676176623,0.240404
0.26887,0.03639461373025199,0.217156
0.2702,0.056640781866313716,0.197002
0.27021,-0.0708503914408567,0.164866
0.27057,-0.0691305625092653,0.20931
0.27094,-0.0976976634007869,0.166124
0.27141,-0.022968690348548648,0.123404
0.27276,-0.061398760132007624,0.173203
0.27351,-0.13756917631963717,0.208686
0.27456,0.1207809076436348,0.293068
0.27509,0.15302358193990528,0.239421
0.27516,-0.09590411298763257,0.241865
0.27585,0.03241646454003444,0.213576
0.27631,0.040104752024035406,0.180061
0.27668,0.21230207637516685,0.272235
0.27776,-0.029114958496506915,0.24474
0.27782,0.2704517719030477,0.17803
0.27935,0.0418891012349647,0.164335
0.2799,-0.16106966113174082,0.19932
0.27995,-0.10071093081491256,0.153331
0.2806,-0.0065408431998434935,0.153096
0.28132,-0.05677357541820527,0.174763
0.28207,-0.08715432395850797,0.166629
0.28266,0.05308013140511747,0.297355
0.28344,-0.038133679197656534,0.184378
0.28405,-0.12955041046691207,0.154134
0.28446,-0.1635180477732021,0.186562
0.28446,-0.014718047773207843,0.20709
0.28478,0.4041007423713978,0.351325
0.28557,-0.011653070738006477,0.185989
0.28588,-0.047937774387229126,0.173206
0.28665,-0.08669465454241276,0.217509
0.28734,-0.16244594164543713,0.250397
0.28758,-0.1957128713105334,0.238886
0.28775,0.1402240139654154,0.227224
0.28814,-0.030929539196151268,0.188011
0.28844,0.007993646404258925,0.137848
0.28854,0.003935256459875802,0.165419
0.28894,0.19800443274774437,0.226038
0.28901,-0.0030955118896329736,0.228497
0.28905,-0.06993827734773816,0.168052
0.28907,-0.04440964370452605,0.277224
0.28949,0.22649418144435174,0.256114
0.28995,-0.014638980234813914,0.271437
0.29008,-0.025249485002227345,0.234493
0.29045,0.027892352953685418,0.23085
0.29123,-0.2808532807235693,0.219145
0.29193,-0.010203377532739921,0.177707
0.29196,-0.005758088122341576,0.172199
0.29215,-0.02217069601380217,0.483728
0.29221,-0.35027974007333285,0.292471
0.29251,-0.13792351824316285,0.228825
0.29256,-0.08094724780367812,0.224836
0.29293,-0.03348077663125082,0.174302
0.29298,0.04709605295792585,0.203556
0.29365,0.07163197306601887,0.204834
0.29504,-0.035081043895978326,0.173778
0.2958,0.21743617500015233,0.307913
0.29587,0.19484904658264668,0.165779
0.29647,0.1847217547970672,0.366054
0.29692,-0.15334257293115883,0.202621
0.29695,-0.06259334139241446,0.210501
0.29853,0.44423235807818173,0.232731
0.29855,-0.17253399357372246,0.272883
0.29893,0.08990727204162141,0.25505
0.29933,0.17838627809962304,0.341681
0.29945,0.18739077630199574,0.195981
0.29947,-0.1005751049703889,0.186464
0.3002,0.1435771950311775,0.198158
0.3003,0.03854979715828222,0.247188
0.30089,0.3270733046146006,0.294726
0.30142,0.008300223501791493,0.191702
0.30152,0.25757590745720904,0.206046
0.30251,0.03022872510529595,0.22475
0.30304,-0.04312281936962847,0.274703
0.30352,0.052942198622830006,0.142521
0.30365,0.20927745983093615,0.197526
0.30404,-0.1527142415624354,0.22209
0.30406,-0.16667781698217965,0.182517
0.30476,0.16350327187308977,0.242802
0.30486,0.02338727151929021,0.140115
0.30526,-0.289274268735646,0.306711
0.30538,0.02274803607025433,0.133839
0.30548,0.12063356009853266,0.226225
0.30581,0.058947529034192314,0.165493
0.30652,0.003977523420971352,0.201565
0.30681,0.2657242975165772,0.239095
0.30691,0.06221331487417103,0.150058
0.30818,0.29643493387636255,0.139651
0.30834,0.04664278540456479,0.254065
0.30878,0.08519255587184205,0.152417
0.30922,0.1322469784749103,0.250639
0.30938,0.060658828540233856,0.270379
0.30949,0.10177358100779799,0.300429
0.30962,-0.1969722474259754,0.257177
0.31052,-0.3045015360084804,0.336421
0.31061,0.07127659592766378,0.221391
0.31088,0.11891214596062127,0.182638
0.31144,0.08072842532867242,0.141744
0.31179,0.10332986572186087,0.210925
0.31203,0.014012523675503985,0.160446
0.31262,0.015504820139767617,0.149709
0.31267,0.09380623807996358,0.279475
0.3127,-0.317732883004588,0.2062
0.31296,0.07579561806852553,0.203499
0.31303,0.06183817738766351,0.176794
0.31387,0.07185782119495343,0.214434
0.31453,0.16892050099699674,0.155711
0.31506,0.05902208996229774,0.227804
0.3152,-0.07778583918274506,0.219964
0.31588,0.23643922341394585,0.233304
0.31593,-0.03425557223333442,0.227638
0.31623,0.22827686055341445,0.274091
0.31782,0.09166315411918902,0.195921
0.31804,0.0933362367595052,0.167213
0.31822,0.03462412177895402,0.153489
0.3185,0.3470289587237616,0.327925
0.31901,0.14953518493405227,0.177674
0.31901,-0.0973648150659443,0.203876
0.32096,0.22481885566119075,0.207296
0.32104,-0.05270358571958411,0.156373
0.32118,0.18370748521935099,0.293444
0.32206,-0.288127227257057,0.199265
0.32223,-0.1537455885825736,0.158186
0.32223,-0.1391455885825721,0.138773
0.32276,-0.08905166971326395,0.211904
0.32446,0.03611962052607254,0.126468
0.32548,0.18567274561096525,0.193265
0.3256,0.21995107204543984,0.255286
0.3258,0.11981564383381027,0.271274
0.32581,0.003638895193411429,0.141716
0.32632,0.002327586022424555,0.157201
0.32804,-0.06102214693719077,0.171833
0.32842,0.24378123843892752,0.308428
0.32848,0.28642416019737027,0.278699
0.32851,-0.13080435011273295,0.295651
0.32868,0.005501120747823052,0.150485
0.32868,0.03390112074782792,0.144172
0.32871,-0.13872726160813187,0.222195
0.32907,-0.012466354778936761,0.165152
0.32941,0.33924925473316847,0.310571
0.32952,0.16661365394414673,0.162498
0.32968,0.029398692730097764,0.114803
0.32995,-0.23135032442103665,0.209813
0.33047,0.15090776411106077,0.131607
0.33056,0.08702608972642167,0.214426
0.33063,0.08799601660999912,0.23109
0.33089,0.07572807738553422,0.239453
0.3309,-0.08694758416269366,0.212048
0.33103,-0.07413099285260927,0.137116
0.33147,-0.05715681793857641,0.218692
0.33147,0.14624318206142561,0.285481
0.33147,0.013943182061424864,0.166036
0.33189,-0.07552768134985399,0.143999
0.33237,-0.11704700665372059,0.159233
0.33298,0.23126036860954713,0.201675
0.3335,-0.10004854635296567,0.141896
0.3335,-0.06594854635296343,0.176123
0.3345,0.010350048918994048,0.23572
0.33498,-0.08854329730789345,0.171864
0.3351,-0.09034089342291196,0.177927
0.33671,-0.08985511770583798,0.18424
0.33749,0.035443326496171323,0.278653
0.33751,-0.12270526901541245,0.23724
0.33762,0.014377600503152621,0.176101
0.33778,0.019189484371068488,0.233862
0.33818,0.0075214586309755305,0.211242
0.33848,-0.02660244106467502,0.200412
0.33897,-0.08783091217895134,0.356511
0.34061,0.018259835914406608,0.192422
0.34098,-0.09946470890120906,0.1943
0.34111,-0.09502133543890778,0.255103
0.34169,0.04881472265105913,0.321008
0.34446,0.12444216264457708,0.152468
0.34448,0.10759633677687219,0.299203
0.34487,0.04665428891944856,0.171671
0.34545,0.012433120317489,0.23021
0.34602,0.1367910817609257,0.136683
0.34696,0.21447405149901755,0.370346
0.34717,-0.0859465784894482,0.244272
0.34881,0.15690706783323805,0.218415
0.3491,0.03261762245442412,0.158604
0.34912,0.06457358167885019,0.206036
0.34932,-0.07826640842516497,0.157954
0.34939,-0.016070225656100945,0.168604
0.34949,-0.2150898033861921,0.226318
0.34949,0.15551019661380394,0.171432
0.34949,-0.06748980338619504,0.205831
0.34968,0.26584352096829633,0.287684
0.35015,-0.03813426809200138,0.147015
0.35059,0.006207327143705754,0.163121
0.35099,0.02233921518408266,0.161378
0.35149,0.24535830390342994,0.209505
0.35149,0.09985830390343153,0.138963
0.35372,0.11534432470035938,0.191944
0.35519,0.20390438192286098,0.223042
0.35774,0.0785882778863396,0.291964
0.358,0.0732579902378987,0.215252
0.35842,-0.04129604424107214,0.215992
0.3585,-0.13575835605470132,0.288995
0.35909,-0.13510184084731236,0.305677
0.35909,0.15459815915269104,0.171109
0.35946,0.13040289989518783,0.15447
0.36017,-0.10887031028416061,0.191161
0.36034,-0.21795973924790957,0.230289
0.36091,0.13175594296605908,0.197529
0.36147,-0.1890528352148948,0.288022
0.3628,-0.06901387895934619,0.209997
0.36325,0.04665976341761535,0.215101
0.36499,0.13320464692846912,0.291566
0.36623,-0.20195409649038965,0.226225
0.36656,-0.10752732958365385,0.155657
0.36713,-0.13534938688502507,0.151911
0.3679,-0.08673870781763782,0.165575
0.36799,0.11984372560685586,0.158375
0.36839,0.19510066745982613,0.336428
0.36857,0.10896718628063695,0.345551
0.36962,0.08858291993876577,0.244353
0.36987,-0.14442484843880976,0.255045
0.37023,0.014017832254417328,0.188778
0.37052,0.008539925287500694,0.163241
0.37053,0.015871747038346484,0.160025
0.37057,0.2717990509914472,0.256631
0.37062,-0.09504178093692417,0.282407
0.37062,-0.29824178093692666,0.135854
0.37095,0.03950979013404066,0.39052
0.37138,-0.039217217621747125,0.168104
0.37153,0.009962467648158224,0.116639
0.37153,0.054662467648157076,0.165418
0.37353,-0.07640558612759207,0.133039
0.37436,0.0787833146481276,0.234786
0.37676,0.0059227036448632475,0.15471
0.37805,-0.05842446993443673,0.223183
0.37852,0.00573176613423243,0.182401
0.37991,-0.1347447419583574,0.219919
0.37997,-0.015644462158412864,0.163795
0.38061,0.02609547138202828,0.188044
0.38092,0.013734374508992175,0.201434
0.38129,0.015076378370949328,0.20413
0.38153,0.23608317766176867,0.218983
0.38185,0.1179603462768668,0.198898
0.38248,-0.07511419071721548,0.265174
0.38291,-0.08275984035507378,0.206585
0.38402,0.06030800580581541,0.20184
0.386,0.05077739758504407,0.152114
0.38672,-0.09654573289446944,0.270807
0.38744,0.07633923628380757,0.273474
0.38781,0.1474193756454909,0.283892
0.38895,-0.1072230519904025,0.199578
0.38949,0.05025860448930075,0.192176
0.39255,-0.039394124062212654,0.237288
0.3951,-0.062329352541908634,0.203648
0.39706,-0.2835955600238691,0.168535
0.39944,0.15412216626137365,0.28782
0.4005,-0.07271284470598971,0.158339
0.40221,-0.09584323072993328,0.199524
0.40293,-0.03209068895326084,0.290402
0.40368,0.03138034094892106,0.213828
0.40463,0.08410193626658469,0.166047
0.40483,-0.2545550247239916,0.202033
0.4055,0.1846383270545715,0.135518
0.40646,0.08932205618646805,0.168815
0.40895,0.08257825792243523,0.240024
0.4092,0.12132246422687132,0.363654
0.40935,0.08598940906264829,0.274957
0.40949,0.05741884225076177,0.172193
0.41004,0.05920141583216321,0.279968
0.41123,0.030221805337063756,0.318089
0.4114,0.20066918482955742,0.242677
0.41161,0.17896944311667795,0.149106
0.41266,0.1486799025738179,0.330128
0.41657,0.06484742324949622,0.149208
0.41857,-0.059464998691019844,0.202099
0.41936,0.004625936315058254,0.192599
0.41939,-0.22145652146306105,0.22264
0.4196,0.18306661149770775,0.224621
0.41965,0.11466268252767975,0.235757
0.41995,-0.24586018925991482,0.294415
0.42036,0.1465504967059843,0.344188
0.42088,-0.07310345837766619,0.17643
0.42094,0.036732855360739336,0.250117
0.42195,-0.16378202060254665,0.270821
0.42247,-0.05222500318049583,0.231707
0.42249,-0.02104581574803177,0.275449
0.42348,-0.1111194445544399,0.186465
0.4236,0.13295735605820624,0.400817
0.42399,0.01670826444235729,0.13417
0.42459,0.03499817233516467,0.195831
0.42568,-0.015948119934996896,0.195468
0.42602,0.02981308602571886,0.175449
0.427,0.08524496264087844,0.229539
0.42703,0.10686552258494686,0.198324
0.42793,0.5423877301883593,0.23861
0.42859,0.145250654149919,0.403543
0.42895,-0.09509448103598572,0.193398
0.42903,0.08672904820025451,0.250757
0.42976,0.17768504142604513,0.19807
0.4302,0.0885700286601292,0.165783
0.43494,0.007954900209632854,0.183674
0.43546,-0.19400128936253225,0.13365
0.43683,0.21916295273683062,0.1818
0.4376,-0.16514327207119806,0.16614
0.43783,0.09021213478116152,0.356877
0.4389,-0.3301345716779167,0.211194
0.43891,-0.12989288566190282,0.279961
0.43935,0.025542514633819735,0.202784
0.44013,0.3349020106867755,0.441915
0.44067,-0.1719370577413173,0.160177
0.44149,-0.13079699488599061,0.183572
0.44245,0.033640775257374855,0.172891
0.44263,0.08419910008602471,0.139699
0.44361,-0.0323653775347168,0.182219
0.44391,-0.02019708718930957,0.290347
0.44764,0.006661935012360232,0.223954
0.44886,0.029784936218703706,0.221814
0.44891,0.13169936814240657,0.215648
0.45068,-0.2212908241977516,0.157686
0.45106,0.06004770284931027,0.213431
0.45162,-0.28203455564021596,0.225346
0.45162,0.12106544435978606,0.154715
0.45163,-0.15509134848522166,0.305385
0.45218,0.12148683617120071,0.320076
0.45328,-0.085346264032097,0.207786
0.45346,0.0046351074743782306,0.14411
0.45458,-0.10069462737311596,0.209236
0.45477,-0.0051669890255112705,0.284149
0.45885,0.055904988332706296,0.252185
0.46064,0.08010541128540183,0.190943
0.46104,0.09197578943624762,0.230251
0.46164,0.05633471402471457,0.138441
0.46643,0.3883051294722506,0.396492
0.46654,0.09329886066627324,0.135922
0.46842,0.008257602613312542,0.206146
0.46887,-0.20441199248095643,0.234035
0.47042,0.23909840713101715,0.404516
0.47065,0.036240869757762084,0.180637
0.47163,-0.0028109560917215504,0.210913
0.47204,0.052553072846578175,0.25691
0.47565,-0.06645702303590184,0.177112
0.47786,0.21050590142129977,0.228278
0.47941,-0.15523574439284715,0.203883
0.47946,-0.014304413016155593,0.198987
0.47988,-0.13166020390772815,0.237796
0.48064,-0.027237459635834682,0.160362
0.48065,-0.05659106786075796,0.139221
0.48164,0.2688068330841489,0.210887
0.48888,0.009036475838641422,0.199732
0.49244,0.18441367658822116,0.335403
0.49499,-0.025120214419160902,0.165011
0.49566,0.03458695532386713,0.120919
0.49579,-0.029690249953432613,0.153945
0.49739,0.0070883969025601345,0.225856
0.50067,0.12030708752624975,0.253816
0.50098,-0.02179250244778075,0.283133
0.50282,0.013232048256803353,0.218549
0.50285,-0.07762217559905338,0.312874
0.50306,-0.0006015031939909932,0.311282
0.50316,-0.005115321530389849,0.228687
0.50593,-0.08471048874885412,0.166703
0.50615,-0.060534803501710144,0.151709
0.50725,0.06535042917974465,0.180974
0.50739,0.07073663473121172,0.288822
0.50825,-0.15624408897929953,0.184312
0.51016,-0.0907487676607488,0.144405
0.51095,-0.13095286921659977,0.239085
0.51169,0.195501673138466,0.227281
0.51387,0.052696971258122005,0.35966
0.51437,0.019379081058566783,0.196162
0.51469,0.11776882614230999,0.402924
0.51726,-0.1278298536569764,0.190441
0.51883,-0.03398027720233188,0.250421
0.51885,-0.04658013989988774,0.209558
0.51941,0.012025158270958514,0.315111
0.51968,0.05737871471626477,0.196455
0.52271,0.10141312460468299,0.273927
0.524,-0.0771762744834561,0.369236
0.5262,-0.0952392078544122,0.223271
0.52859,-0.19169246810221097,0.188829
0.52937,0.01028245294141783,0.141023
0.53099,-0.40874519173060264,0.23431
0.53111,0.22136847219097433,0.289268
0.53124,0.23513341406160038,0.38093
0.53225,-0.31299557174908443,0.221979
0.53271,-0.0501375680765932,0.294354
0.53372,-0.13735388899833367,0.273819
0.53435,-0.16201611558562945,0.225295
0.53534,0.010378606597811313,0.204703
0.53572,-0.09856364375819027,0.209507
0.53942,0.003962064151629363,0.244476
0.54097,-0.058191858182382816,0.233447
0.54152,0.1900679888684138,0.24247
0.54545,0.20457536340686033,0.191404
0.54834,-0.3489637110661832,0.363222
0.54881,-0.20519170225450267,0.378555
0.55021,-0.056017734044147005,0.19588
0.55033,-0.009084947114416764,0.208456
0.55046,0.027900702332807725,0.376261
0.55267,-0.19912258591187282,0.244151
0.55375,0.09199782825147906,0.207133
0.55384,-0.3157250529010085,0.177409
0.55782,0.021838080912488067,0.195189
0.55882,0.31137497758091115,0.3833
0.55882,-0.12422502241908973,0.356215
0.56181,-0.14192134112909116,0.227829
0.56269,0.1619019346232733,0.265242
0.56283,-0.010746085707729947,0.234712
0.56437,-0.05466438320425482,0.221111
0.56437,0.0406356167957469,0.207587
0.56437,-0.050564383204253716,0.296515
0.56481,0.0378051521167464,0.19275
0.56879,-0.2270944335893006,0.262337
0.57542,-0.306814174551846,0.452867
0.57577,0.09189958193480408,0.213158
0.57619,-0.012802719670403917,0.202103
0.57668,-0.07742043219232642,0.166843
0.57737,0.13815965470495684,0.290949
0.5783,-0.09363992882926198,0.24485
0.57831,-0.05988505128218691,0.241176
0.57882,-0.08618532853427041,0.214391
0.57891,0.017908937128787272,0.231686
0.57967,-0.12491491138442257,0.23116
0.58067,0.05128642141176698,0.262496
0.5808,0.18380212748645874,0.239821
0.58301,0.008587820173310945,0.168029
0.5833,0.2638894604579747,0.186201
0.58382,-0.05933711983794154,0.198486
0.58382,0.11306288016205457,0.184752
0.5839,-0.11629488301265667,0.199369
0.58582,0.1622325440460628,0.37297
0.5873,0.07274246150264219,0.203038
0.58879,-0.05587645171600286,0.220032
0.59029,-0.0490239540874029,0.248253
0.59179,-0.12045564604417791,0.255828
0.60067,0.0014045532382596093,0.278838
0.60155,0.14217510381924825,0.394779
0.60328,0.1287620515361496,0.2001
0.60626,-0.018632230786607806,0.275076
0.60827,-0.052695832095061235,0.228388
0.60876,-0.2170037799543607,0.350327
0.60878,-0.027389784805286865,0.230751
0.60981,0.037884547433364446,0.321483
0.61071,0.01502320074304464,0.184238
0.61127,0.24892328069779524,0.247686
0.61177,0.04288223887478182,0.16444
0.61577,0.033312826724383626,0.347272
0.61875,0.028563687275941163,0.388756
0.61941,0.004169944108390666,0.2753
0.61983,0.06329356371590933,0.154862
0.6207,0.0027175143866102758,0.268136
0.62183,-0.11144990117912812,0.275623
0.62525,-0.05752925221000993,0.215148
0.62725,-0.13860399776953614,0.244041
0.63077,-0.07508273667588128,0.202856
0.63183,-0.431587943438835,0.32695
0.63225,0.10486852047210249,0.323662
0.63399,-0.1544431092146894,0.147609
0.63777,-0.23744577768623287,0.442879
0.63794,0.09575456235113933,0.31082
0.63824,-0.10977970359655842,0.367516
0.63873,0.009205502894985784,0.261646
0.63934,0.01629932314776994,0.171844
0.64185,0.06361064822564089,0.256941
0.64311,-0.4282399073585168,0.407842
0.64371,0.007610787113947026,0.309841
0.64371,0.011810787113951449,0.316528
0.6477,0.011177405593599588,0.288435
0.64852,0.22855289791771582,0.272369
0.6487,-0.07837634177536046,0.310678
0.64962,-0.03510059101569141,0.149571
0.66213,0.11354536515728597,0.279772
0.6647,-0.006147278096818809,0.233989
0.67072,0.16802224294407608,0.274795
0.67773,0.2980414706493306,0.311797
0.6819,-0.10561968218829776,0.239367
0.68372,0.22135604209620396,0.407734
0.68519,0.060695486169223045,0.366173
0.68872,-0.1557507725851508,0.226508
0.68935,-0.1183614666328694,0.15677
0.68936,0.07250028519303697,0.271991
0.69072,-0.062796581323596,0.425857
0.69318,-0.07027224240969332,0.318024
0.69718,-0.0324501794374612,0.212738
0.69818,-0.03833177843856106,0.342807
0.69918,-0.06900825106639985,0.338462
0.69918,0.05989174893360172,0.215345
0.69932,0.10096345106603621,0.155898
0.69992,0.10270045145212947,0.29538
0.7007,-0.09793870234619817,0.223194
0.70117,0.08009176521103001,0.261582
0.70192,-0.12332963079204262,0.462713
0.70192,0.023770369207959163,0.252753
0.71571,-0.0765027321342373,0.245932
0.71874,-0.20816478115862935,0.18843
0.71968,0.07828147919788364,0.204549
0.71969,-0.11555523969308723,0.342226
0.72015,0.07395621456976897,0.243162
0.72074,-0.04350803094352784,0.305174
0.72674,-0.03022228323307985,0.248363
0.72774,-0.10695794605463504,0.257091
0.72866,-0.11329856730863241,0.283498
0.73014,-0.20506421217616833,0.321961
0.73161,0.050916616121462255,0.196424
0.73368,-0.1519564524870205,0.195902
0.73395,0.08257027703279363,0.388289
0.73495,0.11266853325450654,0.224615
0.73568,0.03704220042378381,0.25711
0.73596,0.022835497138935068,0.425639
0.73675,-0.15550288272612534,0.21489
0.74196,0.31515033601775855,0.32514
0.74276,-0.08650185929433718,0.327179
0.74573,-0.012065132477630414,0.195179
0.74607,-0.19907184173443682,0.25474
0.74911,-0.25193804442398005,0.262488
0.7493,-0.015009550717302034,0.163225
0.75074,-0.29609359888417686,0.318716
0.75899,0.020656814699314907,0.233153
0.76076,-0.16571512163479696,0.201161
0.7611,-0.05689912460908175,0.236628
0.76165,-0.10451335686909857,0.239872
0.76566,-0.012530164231726815,0.225434
0.76666,0.1695101341583367,0.250162
0.76674,0.10913354391609431,0.27025
0.76709,0.3043237850232572,0.25715
0.76865,0.03313810942682238,0.311675
0.76932,-0.04527177040732511,0.162741
0.77309,0.08176650824293574,0.295081
0.77929,-0.2567192860969598,0.311092
0.78807,-0.021747462591307,0.232049
0.78907,0.054386728755012825,0.271177
0.78928,-0.13051957328151076,0.165559
0.79662,-0.45199435000429133,0.372096
0.79863,0.07251379565677496,0.288144
0.83981,-0.1349503256596094,0.211845
0.83981,-0.2937503256596088,0.390423
0.85482,0.07468802721584211,0.299913
0.93585,-0.25059765761520225,0.239939
0.97423,0.219952382719093,0.201519
1.01242,0.12363781401526097,0.367085
1.01988,0.2619762275908428,0.225903
1.02088,-0.045748720941617194,0.47547
1.02789,0.5017204189043483,0.353385
1.04817,0.3358674206855454,0.488758
1.12092,0.17347834364677794,0.22363
1.23225,-0.20068687195795576,0.610496
1.23597,0.3755102005129345,0.273735
1.29911,0.20063851225248897,0.275291
1.3041,0.04682712654532395,0.316517
1.30611,0.34178468945438567,0.445162
1.31317,0.09428456657585116,0.316349
1.3291,0.14964896829806662,0.238344
1.34101,0.005249741239964578,0.306395
1.35136,-0.22033470712468528,0.31846
1.35608,0.030484594379714736,0.238282
1.39103,-0.05298236478427043,0.374345
1.41633,-0.4379848146211245,0.735776
1.5429,-0.036035343083646865,0.371014
1.54901,0.1561285689950367,0.233771
1.61505,-0.0897192295197442,0.333024
1.69706,-0.09617910873988222,0.38048
1.80119,-0.05613034861513455,0.281981
1.91165,-0.2793022950181907,0.358642
2.26137,0.029384403010880078,0.281309
